-- MySQL Script generated by MySQL Workbench
-- Mon Dec  4 21:56:11 2017
-- Model: New Model    Version: 1.0
-- MySQL Workbench Forward Engineering

SET @OLD_UNIQUE_CHECKS=@@UNIQUE_CHECKS, UNIQUE_CHECKS=0;
SET @OLD_FOREIGN_KEY_CHECKS=@@FOREIGN_KEY_CHECKS, FOREIGN_KEY_CHECKS=0;
SET @OLD_SQL_MODE=@@SQL_MODE, SQL_MODE='TRADITIONAL,ALLOW_INVALID_DATES';

-- -----------------------------------------------------
-- Schema MUHousing
-- -----------------------------------------------------
DROP SCHEMA IF EXISTS `MUHousing` ;

-- -----------------------------------------------------
-- Schema MUHousing
-- -----------------------------------------------------
CREATE SCHEMA IF NOT EXISTS `MUHousing` ;
SHOW WARNINGS;
USE `MUHousing` ;

-- -----------------------------------------------------
-- Table `StudentLevel`
-- -----------------------------------------------------
DROP TABLE IF EXISTS `StudentLevel` ;

SHOW WARNINGS;
CREATE TABLE IF NOT EXISTS `StudentLevel` (
  `levelID` INT NOT NULL,
  `levelName` VARCHAR(100) NOT NULL,
  PRIMARY KEY (`levelID`))
ENGINE = InnoDB;

SHOW WARNINGS;

-- -----------------------------------------------------
-- Table `Major`
-- -----------------------------------------------------
DROP TABLE IF EXISTS `Major` ;

SHOW WARNINGS;
CREATE TABLE IF NOT EXISTS `Major` (
  `majorID` INT NOT NULL,
  `majorName` VARCHAR(150) NULL,
  PRIMARY KEY (`majorID`))
ENGINE = InnoDB;

SHOW WARNINGS;

-- -----------------------------------------------------
-- Table `ParkingLot`
-- -----------------------------------------------------
DROP TABLE IF EXISTS `ParkingLot` ;

SHOW WARNINGS;
CREATE TABLE IF NOT EXISTS `ParkingLot` (
  `parkingLot` INT UNSIGNED NOT NULL,
  `lotName` VARCHAR(75) NOT NULL,
  `address` VARCHAR(75) NULL,
  `maxSpace` INT NULL,
  `availability` VARCHAR(3) NULL,
  PRIMARY KEY (`parkingLot`))
ENGINE = InnoDB;

SHOW WARNINGS;

-- -----------------------------------------------------
-- Table `Position`
-- -----------------------------------------------------
DROP TABLE IF EXISTS `Position` ;

SHOW WARNINGS;
CREATE TABLE IF NOT EXISTS `Position` (
  `positionID` INT NOT NULL,
  `positionName` VARCHAR(75) NULL,
  PRIMARY KEY (`positionID`))
ENGINE = InnoDB;

SHOW WARNINGS;

-- -----------------------------------------------------
-- Table `Department`
-- -----------------------------------------------------
DROP TABLE IF EXISTS `Department` ;

SHOW WARNINGS;
CREATE TABLE IF NOT EXISTS `Department` (
  `deptNO` INT NOT NULL,
  `deptName` VARCHAR(45) NULL,
  PRIMARY KEY (`deptNO`))
ENGINE = InnoDB;

SHOW WARNINGS;

-- -----------------------------------------------------
-- Table `Advisor`
-- -----------------------------------------------------
DROP TABLE IF EXISTS `Advisor` ;

SHOW WARNINGS;
CREATE TABLE IF NOT EXISTS `Advisor` (
  `advisorID` INT NOT NULL,
  `positionID` INT NOT NULL,
  `deptNO` INT NOT NULL,
  `firstName` VARCHAR(20) NOT NULL,
  `lastName` VARCHAR(20) NOT NULL,
  `phoneNumber` INT NOT NULL,
  `email` VARCHAR(20) NULL,
  `roomNumber` VARCHAR(4) NULL,
  PRIMARY KEY (`advisorID`))
ENGINE = InnoDB;

SHOW WARNINGS;

-- -----------------------------------------------------
-- Table `StudentInfo`
-- -----------------------------------------------------
DROP TABLE IF EXISTS `StudentInfo` ;

SHOW WARNINGS;
CREATE TABLE IF NOT EXISTS `StudentInfo` (
  `bannerNumber` INT NOT NULL,
  `levelID` INT NOT NULL,
  `majorID` INT NOT NULL,
  `advisorID` INT NOT NULL,
  `parkingLot` INT NOT NULL,
  `firstName` VARCHAR(20) NOT NULL,
  `lastName` VARCHAR(20) NOT NULL,
  `streetName` VARCHAR(30) NOT NULL,
  `city` VARCHAR(15) NOT NULL,
  `postCode` VARCHAR(15) NOT NULL,
  `phoneNumber` VARCHAR(10) NOT NULL,
  `email` VARCHAR(25) NOT NULL,
  `dateOfBirth` VARCHAR(10) NOT NULL,
  `gender` CHAR(10) NOT NULL,
  `nationality` VARCHAR(11) NOT NULL,
  `specialNeeds` VARCHAR(3) NOT NULL,
  `comments` VARCHAR(250) NOT NULL,
  `status` VARCHAR(15) NOT NULL,
  `vin` VARCHAR(25) NOT NULL,
  `color` VARCHAR(10) NULL,
  `manufacturer` VARCHAR(25) NULL,
  `brand` VARCHAR(15) NULL,
  PRIMARY KEY (`bannerNumber`))
ENGINE = InnoDB;

SHOW WARNINGS;
CREATE UNIQUE INDEX `advisorID_UNIQUE` ON `StudentInfo` (`advisorID` ASC);

SHOW WARNINGS;

-- -----------------------------------------------------
-- Table `NOK`
-- -----------------------------------------------------
DROP TABLE IF EXISTS `NOK` ;

SHOW WARNINGS;
CREATE TABLE IF NOT EXISTS `NOK` (
  `id` INT NOT NULL,
  `bannerNumber` INT NOT NULL,
  `firstName` VARCHAR(20) NULL,
  `lastName` VARCHAR(20) NULL,
  `street` VARCHAR(30) NULL,
  `city` VARCHAR(15) NULL,
  `phoneNumber` INT NULL,
  `relationship` VARCHAR(12) NULL,
  PRIMARY KEY (`id`))
ENGINE = InnoDB;

SHOW WARNINGS;

-- -----------------------------------------------------
-- Table `StudentCourse`
-- -----------------------------------------------------
DROP TABLE IF EXISTS `StudentCourse` ;

SHOW WARNINGS;
CREATE TABLE IF NOT EXISTS `StudentCourse` (
  `bannerNumber` INT NOT NULL,
  `courseNO` INT NOT NULL,
  `semester` VARCHAR(20) NULL,
  `year` INT NULL,
  `instructor` VARCHAR(40) NULL,
  `phoneNumber` INT NULL,
  `email` VARCHAR(25) NULL,
  `roomNumber` VARCHAR(4) NULL,
  `deptName` VARCHAR(20) NULL,
  PRIMARY KEY (`courseNO`))
ENGINE = InnoDB;

SHOW WARNINGS;
CREATE UNIQUE INDEX `bannerNumber_UNIQUE` ON `StudentCourse` (`bannerNumber` ASC);

SHOW WARNINGS;
CREATE UNIQUE INDEX `courseNO_UNIQUE` ON `StudentCourse` (`courseNO` ASC);

SHOW WARNINGS;

-- -----------------------------------------------------
-- Table `Course`
-- -----------------------------------------------------
DROP TABLE IF EXISTS `Course` ;

SHOW WARNINGS;
CREATE TABLE IF NOT EXISTS `Course` (
  `courseNo` INT UNSIGNED NOT NULL,
  `courseNamel` VARCHAR(25) NULL,
  PRIMARY KEY (`courseNo`))
ENGINE = InnoDB;

SHOW WARNINGS;

-- -----------------------------------------------------
-- Table `Flat`
-- -----------------------------------------------------
DROP TABLE IF EXISTS `Flat` ;

SHOW WARNINGS;
CREATE TABLE IF NOT EXISTS `Flat` (
  `flatNO` INT NOT NULL,
  `street` VARCHAR(30) NULL,
  `city` VARCHAR(15) NULL,
  `postCode` INT NULL,
  `numOfRooms` INT NULL,
  PRIMARY KEY (`flatNO`))
ENGINE = InnoDB;

SHOW WARNINGS;

-- -----------------------------------------------------
-- Table `Staff`
-- -----------------------------------------------------
DROP TABLE IF EXISTS `Staff` ;

SHOW WARNINGS;
CREATE TABLE IF NOT EXISTS `Staff` (
  `staffNO` INT NOT NULL,
  `firstName` VARCHAR(20) NOT NULL,
  `lastName` VARCHAR(20) NOT NULL,
  `email` VARCHAR(35) NOT NULL,
  `street` VARCHAR(55) NOT NULL,
  `city` VARCHAR(35) NOT NULL,
  `postCode` INT NOT NULL,
  `dateOfBirth` DATE NOT NULL,
  `gender` CHAR NULL,
  `location` VARCHAR(35) NULL,
  `position` VARCHAR(35) NOT NULL,
  PRIMARY KEY (`staffNO`))
ENGINE = InnoDB;

SHOW WARNINGS;

-- -----------------------------------------------------
-- Table `Hall`
-- -----------------------------------------------------
DROP TABLE IF EXISTS `Hall` ;

SHOW WARNINGS;
CREATE TABLE IF NOT EXISTS `Hall` (
  `hallNO` INT NOT NULL,
  `staffNO` INT NOT NULL,
  `street` VARCHAR(30) NULL,
  `city` VARCHAR(15) NULL,
  `postCode` INT NULL,
  `hallName` VARCHAR(20) NOT NULL,
  `phoneNumber` INT NOT NULL,
  PRIMARY KEY (`hallNO`))
ENGINE = InnoDB;

SHOW WARNINGS;

-- -----------------------------------------------------
-- Table `Room`
-- -----------------------------------------------------
DROP TABLE IF EXISTS `Room` ;

SHOW WARNINGS;
CREATE TABLE IF NOT EXISTS `Room` (
  `placeNO` INT NOT NULL,
  `flatNO` INT NOT NULL,
  `hallNO` INT NOT NULL,
  `roomNO` INT NOT NULL,
  `rentRate` DOUBLE NOT NULL,
  PRIMARY KEY (`placeNO`))
ENGINE = InnoDB;

SHOW WARNINGS;

-- -----------------------------------------------------
-- Table `Lease`
-- -----------------------------------------------------
DROP TABLE IF EXISTS `Lease` ;

SHOW WARNINGS;
CREATE TABLE IF NOT EXISTS `Lease` (
  `leaseNO` INT NOT NULL,
  `bannerNumber` INT NOT NULL,
  `placeNO` INT NOT NULL,
  `numOfSemester` INT NOT NULL,
  `moveInDate` DATE NOT NULL,
  `moveOutDate` DATE NOT NULL,
  PRIMARY KEY (`leaseNO`, `bannerNumber`))
ENGINE = InnoDB;

SHOW WARNINGS;

-- -----------------------------------------------------
-- Table `Invoice`
-- -----------------------------------------------------
DROP TABLE IF EXISTS `Invoice` ;

SHOW WARNINGS;
CREATE TABLE IF NOT EXISTS `Invoice` (
  `invoiceNO` INT NOT NULL,
  `leaseNO` INT NOT NULL,
  `semester` VARCHAR(20) NULL,
  `payDue` DATE NOT NULL,
  `date` DATE NOT NULL,
  `payMethod` VARCHAR(11) NOT NULL,
  `dateOfFirstRem` DATE NOT NULL,
  `dateOfSecRem` DATE NULL,
  PRIMARY KEY (`invoiceNO`))
ENGINE = InnoDB;

SHOW WARNINGS;

-- -----------------------------------------------------
-- Table `Inspection`
-- -----------------------------------------------------
DROP TABLE IF EXISTS `Inspection` ;

SHOW WARNINGS;
CREATE TABLE IF NOT EXISTS `Inspection` (
  `inspcNO` INT NOT NULL,
  `staffNO` INT NOT NULL,
  `flatNO` INT NOT NULL,
  `dateOfInspc` DATE NOT NULL,
  `satisfcCondition` VARCHAR(3) NOT NULL,
  `comments` VARCHAR(50) NOT NULL,
  PRIMARY KEY (`inspcNO`))
ENGINE = InnoDB;

SHOW WARNINGS;

SET SQL_MODE=@OLD_SQL_MODE;
SET FOREIGN_KEY_CHECKS=@OLD_FOREIGN_KEY_CHECKS;
SET UNIQUE_CHECKS=@OLD_UNIQUE_CHECKS;

-- -----------------------------------------------------
-- Data for table `StudentLevel`
-- -----------------------------------------------------
START TRANSACTION;
USE `MUHousing`;
INSERT INTO `StudentLevel` (`levelID`, `levelName`) VALUES (0000, 'Graduate');
INSERT INTO `StudentLevel` (`levelID`, `levelName`) VALUES (1111, 'Freshman');
INSERT INTO `StudentLevel` (`levelID`, `levelName`) VALUES (2222, 'Sophmore');
INSERT INTO `StudentLevel` (`levelID`, `levelName`) VALUES (3333, 'Junior');
INSERT INTO `StudentLevel` (`levelID`, `levelName`) VALUES (4444, 'Senior');
INSERT INTO `StudentLevel` (`levelID`, `levelName`) VALUES (5555, '5th Year Senor');
INSERT INTO `StudentLevel` (`levelID`, `levelName`) VALUES (6666, '6th Year Senior');
INSERT INTO `StudentLevel` (`levelID`, `levelName`) VALUES (7777, '7th Year Senior');
INSERT INTO `StudentLevel` (`levelID`, `levelName`) VALUES (8888, '8th Year Senior');
INSERT INTO `StudentLevel` (`levelID`, `levelName`) VALUES (9999, '9th Year Senior');

COMMIT;


-- -----------------------------------------------------
-- Data for table `Major`
-- -----------------------------------------------------
START TRANSACTION;
USE `MUHousing`;
INSERT INTO `Major` (`majorID`, `majorName`) VALUES (1000, 'Geology');
INSERT INTO `Major` (`majorID`, `majorName`) VALUES (1001, 'Economics');
INSERT INTO `Major` (`majorID`, `majorName`) VALUES (1002, 'Computers');
INSERT INTO `Major` (`majorID`, `majorName`) VALUES (1003, 'Aeronautics');
INSERT INTO `Major` (`majorID`, `majorName`) VALUES (1004, 'Automative');
INSERT INTO `Major` (`majorID`, `majorName`) VALUES (1005, 'Journalism');
INSERT INTO `Major` (`majorID`, `majorName`) VALUES (1006, 'Engineering');
INSERT INTO `Major` (`majorID`, `majorName`) VALUES (1007, 'Politics');
INSERT INTO `Major` (`majorID`, `majorName`) VALUES (1008, 'BDM');
INSERT INTO `Major` (`majorID`, `majorName`) VALUES (1009, 'Chemistry');

COMMIT;


-- -----------------------------------------------------
-- Data for table `ParkingLot`
-- -----------------------------------------------------
START TRANSACTION;
USE `MUHousing`;
INSERT INTO `ParkingLot` (`parkingLot`, `lotName`, `address`, `maxSpace`, `availability`) VALUES (1, 'South', '12 South St.', 200, '150');
INSERT INTO `ParkingLot` (`parkingLot`, `lotName`, `address`, `maxSpace`, `availability`) VALUES (2, 'North', '13 North St.', 100, '75');
INSERT INTO `ParkingLot` (`parkingLot`, `lotName`, `address`, `maxSpace`, `availability`) VALUES (3, 'West', '21 West Rd.', 75, '50');

COMMIT;


-- -----------------------------------------------------
-- Data for table `Position`
-- -----------------------------------------------------
START TRANSACTION;
USE `MUHousing`;
INSERT INTO `Position` (`positionID`, `positionName`) VALUES (000, 'Residence Director');
INSERT INTO `Position` (`positionID`, `positionName`) VALUES (111, 'Associate Director');
INSERT INTO `Position` (`positionID`, `positionName`) VALUES (222, 'Supervisor');
INSERT INTO `Position` (`positionID`, `positionName`) VALUES (333, 'Business Manager');
INSERT INTO `Position` (`positionID`, `positionName`) VALUES (444, 'Information Technician');
INSERT INTO `Position` (`positionID`, `positionName`) VALUES (555, 'Project Coordinator');
INSERT INTO `Position` (`positionID`, `positionName`) VALUES (666, 'Manager');
INSERT INTO `Position` (`positionID`, `positionName`) VALUES (777, 'Admin Assistant');
INSERT INTO `Position` (`positionID`, `positionName`) VALUES (888, 'Accounting Assistant');
INSERT INTO `Position` (`positionID`, `positionName`) VALUES (999, 'Program Assistant');

COMMIT;


-- -----------------------------------------------------
-- Data for table `Department`
-- -----------------------------------------------------
START TRANSACTION;
USE `MUHousing`;
INSERT INTO `Department` (`deptNO`, `deptName`) VALUES (22220, 'Engineering');
INSERT INTO `Department` (`deptNO`, `deptName`) VALUES (22221, 'Mathematics');
INSERT INTO `Department` (`deptNO`, `deptName`) VALUES (22222, 'Biology');
INSERT INTO `Department` (`deptNO`, `deptName`) VALUES (22223, 'Athletics');
INSERT INTO `Department` (`deptNO`, `deptName`) VALUES (22224, 'English');
INSERT INTO `Department` (`deptNO`, `deptName`) VALUES (22225, 'Economics');
INSERT INTO `Department` (`deptNO`, `deptName`) VALUES (22226, 'Psychology');
INSERT INTO `Department` (`deptNO`, `deptName`) VALUES (22227, 'Performing Arts');
INSERT INTO `Department` (`deptNO`, `deptName`) VALUES (22228, 'Communication');
INSERT INTO `Department` (`deptNO`, `deptName`) VALUES (22229, 'Political Science');

COMMIT;


-- -----------------------------------------------------
-- Data for table `Advisor`
-- -----------------------------------------------------
START TRANSACTION;
USE `MUHousing`;
INSERT INTO `Advisor` (`advisorID`, `positionID`, `deptNO`, `firstName`, `lastName`, `phoneNumber`, `email`, `roomNumber`) VALUES (100000000, 000, 22220, 'John', 'Doe', 602300, 'jd@mu.edu', '1234');
INSERT INTO `Advisor` (`advisorID`, `positionID`, `deptNO`, `firstName`, `lastName`, `phoneNumber`, `email`, `roomNumber`) VALUES (100000001, 111, 22221, 'Jane', 'Doe', 623879, 'jane@mu.edu', '1235');
INSERT INTO `Advisor` (`advisorID`, `positionID`, `deptNO`, `firstName`, `lastName`, `phoneNumber`, `email`, `roomNumber`) VALUES (100000002, 222, 22222, 'Peter', 'Griffin', 480256, 'pg13@mu.edu', '1236');
INSERT INTO `Advisor` (`advisorID`, `positionID`, `deptNO`, `firstName`, `lastName`, `phoneNumber`, `email`, `roomNumber`) VALUES (100000003, 333, 22223, 'Clark', 'Kent', 205652, 'superman@mu.edu', '1237');
INSERT INTO `Advisor` (`advisorID`, `positionID`, `deptNO`, `firstName`, `lastName`, `phoneNumber`, `email`, `roomNumber`) VALUES (100000004, 444, 22224, 'Ash', 'Ketchum', 502854, 'pokemon@mu.edu', '1238');
INSERT INTO `Advisor` (`advisorID`, `positionID`, `deptNO`, `firstName`, `lastName`, `phoneNumber`, `email`, `roomNumber`) VALUES (100000005, 555, 22225, 'Curtis', 'Jackson', 505685, '50cent@mu.edu', '1239');
INSERT INTO `Advisor` (`advisorID`, `positionID`, `deptNO`, `firstName`, `lastName`, `phoneNumber`, `email`, `roomNumber`) VALUES (100000006, 666, 22226, 'Kevin', 'Hart', 619656, 'comedy@mu.edu', '1230');
INSERT INTO `Advisor` (`advisorID`, `positionID`, `deptNO`, `firstName`, `lastName`, `phoneNumber`, `email`, `roomNumber`) VALUES (100000007, 777, 22227, 'Steve', 'Nash', 701856, 'suns@mu.edu', '1231');
INSERT INTO `Advisor` (`advisorID`, `positionID`, `deptNO`, `firstName`, `lastName`, `phoneNumber`, `email`, `roomNumber`) VALUES (100000008, 888, 22228, 'Shawn', 'Marion', 702254, 'matrix@mu.edu', '1232');
INSERT INTO `Advisor` (`advisorID`, `positionID`, `deptNO`, `firstName`, `lastName`, `phoneNumber`, `email`, `roomNumber`) VALUES (100000009, 999, 22229, 'Kevin', 'Durant', 304925, 'kd34@mu.edu', '1233');

COMMIT;


-- -----------------------------------------------------
-- Data for table `StudentInfo`
-- -----------------------------------------------------
START TRANSACTION;
USE `MUHousing`;
INSERT INTO `StudentInfo` (`bannerNumber`, `levelID`, `majorID`, `advisorID`, `parkingLot`, `firstName`, `lastName`, `streetName`, `city`, `postCode`, `phoneNumber`, `email`, `dateOfBirth`, `gender`, `nationality`, `specialNeeds`, `comments`, `status`, `vin`, `color`, `manufacturer`, `brand`) VALUES (9000, 0000, 1000, 100000000, 1, 'Daniel', 'Patrick', '1720 5th Ave', 'Kampala Rd. ', '25703', '6023001234', 'dpat@mu.edu', '1960-06-06', 'M', 'Ugandan', 'N', 'NA', 'Approved', '12345hygin', 'green', 'Chevy', 'cobalt');
INSERT INTO `StudentInfo` (`bannerNumber`, `levelID`, `majorID`, `advisorID`, `parkingLot`, `firstName`, `lastName`, `streetName`, `city`, `postCode`, `phoneNumber`, `email`, `dateOfBirth`, `gender`, `nationality`, `specialNeeds`, `comments`, `status`, `vin`, `color`, `manufacturer`, `brand`) VALUES (9001, 1111, 1001, 100000001, 2, 'Lauren', 'Vaughn', '1234 Sam St.', 'Philadelphia', '23658', '3045685584', 'lvaughn@mu.edu', '1800-01-20', 'F', 'American', 'N', 'NA', 'Approved', '51245kjhun', 'blue', 'Jeep', 'cherokee');
INSERT INTO `StudentInfo` (`bannerNumber`, `levelID`, `majorID`, `advisorID`, `parkingLot`, `firstName`, `lastName`, `streetName`, `city`, `postCode`, `phoneNumber`, `email`, `dateOfBirth`, `gender`, `nationality`, `specialNeeds`, `comments`, `status`, `vin`, `color`, `manufacturer`, `brand`) VALUES (9002, 2222, 1002, 100000002, 3, 'LeBron', 'James', '123 Cleveland Blvd.', 'Akron', '59768', '2015484854', 'kingjames@cavs.org', '1985-12-17', 'M', 'Canadian', 'N', 'The G.O.A.T', 'Approved', '3lebron265', 'red', 'honda', 'civic');
INSERT INTO `StudentInfo` (`bannerNumber`, `levelID`, `majorID`, `advisorID`, `parkingLot`, `firstName`, `lastName`, `streetName`, `city`, `postCode`, `phoneNumber`, `email`, `dateOfBirth`, `gender`, `nationality`, `specialNeeds`, `comments`, `status`, `vin`, `color`, `manufacturer`, `brand`) VALUES (9003, 3333, 1003, 100000003, 1, 'Tom ', 'Brady', '1243 Deflate Gate Ave.', 'New England', '58568', '6191649658', 'brady@patriots.org', '1990-05-23', 'M', 'English', 'N', 'cheater', 'Approved', 'brady021po', 'white', 'ford', 'escape');
INSERT INTO `StudentInfo` (`bannerNumber`, `levelID`, `majorID`, `advisorID`, `parkingLot`, `firstName`, `lastName`, `streetName`, `city`, `postCode`, `phoneNumber`, `email`, `dateOfBirth`, `gender`, `nationality`, `specialNeeds`, `comments`, `status`, `vin`, `color`, `manufacturer`, `brand`) VALUES (9004, 4444, 1004, 100000004, 2, 'Lionel', 'Messi', '2321 Barca Ln.', 'Barcelona', '25449', '6235941984', 'messymessi@barca.org', '1994-03-13', 'M', 'Argentine', 'N', 'Messi > CR7', 'Approved', 'messihb456', 'gold', 'audi', 'QT 5.7');
INSERT INTO `StudentInfo` (`bannerNumber`, `levelID`, `majorID`, `advisorID`, `parkingLot`, `firstName`, `lastName`, `streetName`, `city`, `postCode`, `phoneNumber`, `email`, `dateOfBirth`, `gender`, `nationality`, `specialNeeds`, `comments`, `status`, `vin`, `color`, `manufacturer`, `brand`) VALUES (9005, 5555, 1005, 100000005, 3, 'Cristiano', 'Ronaldo', '872 Madrid St.', 'Real Madrid', '56010', '4802549484', 'cr7@realmadrid.org', '1996-07-25', 'M', 'Portuguese', 'N', 'NA', 'Approved', '123ronaldo', 'pink', 'mercedes', 'c class');
INSERT INTO `StudentInfo` (`bannerNumber`, `levelID`, `majorID`, `advisorID`, `parkingLot`, `firstName`, `lastName`, `streetName`, `city`, `postCode`, `phoneNumber`, `email`, `dateOfBirth`, `gender`, `nationality`, `specialNeeds`, `comments`, `status`, `vin`, `color`, `manufacturer`, `brand`) VALUES (9006, 6666, 1006, 100000006, 1, 'Bryce', 'Harper', '127 St. Pete Ave.', 'Ashland', '72818', '2508554849', 'harper@mlb.com', '1995-02-31', 'M', 'American', 'N', 'Make base fun again', 'Approved', '562harper1', 'yellow', 'bmw', 'e class');
INSERT INTO `StudentInfo` (`bannerNumber`, `levelID`, `majorID`, `advisorID`, `parkingLot`, `firstName`, `lastName`, `streetName`, `city`, `postCode`, `phoneNumber`, `email`, `dateOfBirth`, `gender`, `nationality`, `specialNeeds`, `comments`, `status`, `vin`, `color`, `manufacturer`, `brand`) VALUES (9007, 7777, 1007, 100000007, 2, 'Usain', 'Bolt', '726 Bolt Blvd.', 'Kingston', '65995', '5025999499', 'bolt@track.com', '1985-03-14', 'M', 'Jamaican', 'Y', 'NA', 'Approved', '321usain01', 'brown', 'volkswagon', 'b class');
INSERT INTO `StudentInfo` (`bannerNumber`, `levelID`, `majorID`, `advisorID`, `parkingLot`, `firstName`, `lastName`, `streetName`, `city`, `postCode`, `phoneNumber`, `email`, `dateOfBirth`, `gender`, `nationality`, `specialNeeds`, `comments`, `status`, `vin`, `color`, `manufacturer`, `brand`) VALUES (9008, 8888, 1008, 100000008, 3, 'Cong', 'Pu', '7262 3rd St. ', 'Huntington', '65489', '8194544545', 'cong@mu.edu', '1989-08-16', 'M', 'American', 'Y', 'NA', 'Approved', '1256cong56', 'black', 'suzuki', 'yoko');
INSERT INTO `StudentInfo` (`bannerNumber`, `levelID`, `majorID`, `advisorID`, `parkingLot`, `firstName`, `lastName`, `streetName`, `city`, `postCode`, `phoneNumber`, `email`, `dateOfBirth`, `gender`, `nationality`, `specialNeeds`, `comments`, `status`, `vin`, `color`, `manufacturer`, `brand`) VALUES (9009, 9999, 1009, 100000009, 1, 'Michael ', 'Jordan', '827 Mike Ave.', 'Chicago', '54965', '6546564666', 'fakegoat@hornets.com', '1945-09-18', 'M', 'Nigerian', 'Y', 'NA', 'Approved', '1145jordan', 'white', 'yamaha', 'road runner');

COMMIT;


-- -----------------------------------------------------
-- Data for table `NOK`
-- -----------------------------------------------------
START TRANSACTION;
USE `MUHousing`;
INSERT INTO `NOK` (`id`, `bannerNumber`, `firstName`, `lastName`, `street`, `city`, `phoneNumber`, `relationship`) VALUES (700000000, 90000000, 'Antonio', 'Brown', '123 Steelers Ave', 'Philadelphia', 702-000-0000, 'Brother');
INSERT INTO `NOK` (`id`, `bannerNumber`, `firstName`, `lastName`, `street`, `city`, `phoneNumber`, `relationship`) VALUES (700000001, 90000001, 'Larry', 'Fitzgerald', '602 Bird St.', 'Phoenix', 702-000-0001, 'Uncle');
INSERT INTO `NOK` (`id`, `bannerNumber`, `firstName`, `lastName`, `street`, `city`, `phoneNumber`, `relationship`) VALUES (700000002, 90000002, 'Dez', 'Bryant', '304 Cowboys Blvd', 'Dallas', 702-000-0002, 'Cousin');
INSERT INTO `NOK` (`id`, `bannerNumber`, `firstName`, `lastName`, `street`, `city`, `phoneNumber`, `relationship`) VALUES (700000003, 90000003, 'Julio', 'Gonzalez', '23 Point Lead Ln', 'Atlanta', 702-000-0003, 'Cousin');
INSERT INTO `NOK` (`id`, `bannerNumber`, `firstName`, `lastName`, `street`, `city`, `phoneNumber`, `relationship`) VALUES (700000004, 90000004, 'Odell', 'Beckham Jr.', '121 Giants Rd', 'New York City', 702-000-0004, 'Cousin');
INSERT INTO `NOK` (`id`, `bannerNumber`, `firstName`, `lastName`, `street`, `city`, `phoneNumber`, `relationship`) VALUES (700000005, 90000005, 'Jose', 'Batista', '121 13th Ave', 'Toronto', 702-000-0005, 'Brother');
INSERT INTO `NOK` (`id`, `bannerNumber`, `firstName`, `lastName`, `street`, `city`, `phoneNumber`, `relationship`) VALUES (700000006, 90000006, 'Gareth', 'Bale', '211 English Ave', 'London', 702-000-0006, 'Brother');
INSERT INTO `NOK` (`id`, `bannerNumber`, `firstName`, `lastName`, `street`, `city`, `phoneNumber`, `relationship`) VALUES (700000007, 90000007, 'Zlatan ', 'Ibrahimovic', '911 Mean St.', 'Manchester', 702-000-0007, 'Uncle');
INSERT INTO `NOK` (`id`, `bannerNumber`, `firstName`, `lastName`, `street`, `city`, `phoneNumber`, `relationship`) VALUES (700000008, 90000008, 'Luis', 'Suarez', '999 Bite Me Ave', 'Barcelona', 702-000-0008, 'Uncle');
INSERT INTO `NOK` (`id`, `bannerNumber`, `firstName`, `lastName`, `street`, `city`, `phoneNumber`, `relationship`) VALUES (700000009, 90000009, 'Mike', 'Trout', '222 Jumunju Rd', 'Los Angeles', 702-000-0009, 'Brother');

COMMIT;


-- -----------------------------------------------------
-- Data for table `StudentCourse`
-- -----------------------------------------------------
START TRANSACTION;
USE `MUHousing`;
INSERT INTO `StudentCourse` (`bannerNumber`, `courseNO`, `semester`, `year`, `instructor`, `phoneNumber`, `email`, `roomNumber`, `deptName`) VALUES (90000000, 12345, 'Fall', 2017, 'Jim Carey', 619-000-0000, 'aceventura@mu.edu', '00', 'Engineering');
INSERT INTO `StudentCourse` (`bannerNumber`, `courseNO`, `semester`, `year`, `instructor`, `phoneNumber`, `email`, `roomNumber`, `deptName`) VALUES (90000001, 11115, 'Fall', 2017, 'Natalie Portman', 619-000-0001, 'nportman@mu.edu', '11', 'Mathematics');
INSERT INTO `StudentCourse` (`bannerNumber`, `courseNO`, `semester`, `year`, `instructor`, `phoneNumber`, `email`, `roomNumber`, `deptName`) VALUES (90000002, 22225, 'Fall', 2017, 'Cameron Diaz', 619-000-0002, 'camrondiaz@mu.edu', '22', 'Biology');
INSERT INTO `StudentCourse` (`bannerNumber`, `courseNO`, `semester`, `year`, `instructor`, `phoneNumber`, `email`, `roomNumber`, `deptName`) VALUES (90000003, 33335, 'Fall', 2017, 'Robert Downey Jr.', 619-000-0003, 'ironman@mu.edu', '33', 'Athletics');
INSERT INTO `StudentCourse` (`bannerNumber`, `courseNO`, `semester`, `year`, `instructor`, `phoneNumber`, `email`, `roomNumber`, `deptName`) VALUES (90000004, 44445, 'Fall', 2017, 'Ben Affleck', 619-000-0004, 'batman@mu.edu', '44', 'English');
INSERT INTO `StudentCourse` (`bannerNumber`, `courseNO`, `semester`, `year`, `instructor`, `phoneNumber`, `email`, `roomNumber`, `deptName`) VALUES (90000005, 55555, 'Spring ', 2018, 'Samuel L. Jackson', 619-000-0005, 'django@mu.edu', '55', 'Economics');
INSERT INTO `StudentCourse` (`bannerNumber`, `courseNO`, `semester`, `year`, `instructor`, `phoneNumber`, `email`, `roomNumber`, `deptName`) VALUES (90000006, 66665, 'Spring', 2018, 'Johnny Depp', 619-000-0006, 'pirates@mu.edu', '66', 'Psychology');
INSERT INTO `StudentCourse` (`bannerNumber`, `courseNO`, `semester`, `year`, `instructor`, `phoneNumber`, `email`, `roomNumber`, `deptName`) VALUES (90000007, 77775, 'Spring', 2018, 'Emma Watson', 619-000-0007, 'ewatson@mu.edu', '77', 'Performing Arts');
INSERT INTO `StudentCourse` (`bannerNumber`, `courseNO`, `semester`, `year`, `instructor`, `phoneNumber`, `email`, `roomNumber`, `deptName`) VALUES (90000008, 88885, 'Fall', 2017, 'Morgan Freeman', 619-000-0008, 'mfreeman@mu.edu', '88', 'Communication');
INSERT INTO `StudentCourse` (`bannerNumber`, `courseNO`, `semester`, `year`, `instructor`, `phoneNumber`, `email`, `roomNumber`, `deptName`) VALUES (90000009, 99995, 'Fall', 2017, 'Leonardo DiCaprio', 619-000-0009, 'davinci@mu.edu', '99', 'Political Science');

COMMIT;


-- -----------------------------------------------------
-- Data for table `Course`
-- -----------------------------------------------------
START TRANSACTION;
USE `MUHousing`;
INSERT INTO `Course` (`courseNo`, `courseNamel`) VALUES (12345, 'Intro to Computers');
INSERT INTO `Course` (`courseNo`, `courseNamel`) VALUES (22225, 'Algebra');
INSERT INTO `Course` (`courseNo`, `courseNamel`) VALUES (33335, 'Intro to Biology');
INSERT INTO `Course` (`courseNo`, `courseNamel`) VALUES (44445, 'Fitness & Wellness');
INSERT INTO `Course` (`courseNo`, `courseNamel`) VALUES (55555, 'English 101');
INSERT INTO `Course` (`courseNo`, `courseNamel`) VALUES (66661, 'Micro Economics');
INSERT INTO `Course` (`courseNo`, `courseNamel`) VALUES (77771, 'Psychology & Culture');
INSERT INTO `Course` (`courseNo`, `courseNamel`) VALUES (88881, 'Theatre');
INSERT INTO `Course` (`courseNo`, `courseNamel`) VALUES (99991, 'Public Speaking');
INSERT INTO `Course` (`courseNo`, `courseNamel`) VALUES (11115, 'Congress');

COMMIT;


-- -----------------------------------------------------
-- Data for table `Flat`
-- -----------------------------------------------------
START TRANSACTION;
USE `MUHousing`;
INSERT INTO `Flat` (`flatNO`, `street`, `city`, `postCode`, `numOfRooms`) VALUES (000, '234 4th St. W', 'Huntington', 25703, 200);
INSERT INTO `Flat` (`flatNO`, `street`, `city`, `postCode`, `numOfRooms`) VALUES (111, '456 7th Ave.', 'Huntington', 25703, 300);
INSERT INTO `Flat` (`flatNO`, `street`, `city`, `postCode`, `numOfRooms`) VALUES (222, '121 My St.', 'Huntington', 25703, 400);
INSERT INTO `Flat` (`flatNO`, `street`, `city`, `postCode`, `numOfRooms`) VALUES (333, '444 8th Ln.', 'Huntington', 25703, 500);
INSERT INTO `Flat` (`flatNO`, `street`, `city`, `postCode`, `numOfRooms`) VALUES (444, '234 7th St.', 'Huntington', 25703, 300);
INSERT INTO `Flat` (`flatNO`, `street`, `city`, `postCode`, `numOfRooms`) VALUES (555, '1738 7th St.', 'Huntington', 25703, 200);
INSERT INTO `Flat` (`flatNO`, `street`, `city`, `postCode`, `numOfRooms`) VALUES (666, '122 My St.', 'Huntington', 25703, 200);
INSERT INTO `Flat` (`flatNO`, `street`, `city`, `postCode`, `numOfRooms`) VALUES (777, '777 Idk Ln.', 'Huntington', 25703, 300);
INSERT INTO `Flat` (`flatNO`, `street`, `city`, `postCode`, `numOfRooms`) VALUES (888, '888 8th St.', 'Huntington', 25703, 200);
INSERT INTO `Flat` (`flatNO`, `street`, `city`, `postCode`, `numOfRooms`) VALUES (999, '999 9th Ave.', 'Huntington', 25703, 100);

COMMIT;


-- -----------------------------------------------------
-- Data for table `Staff`
-- -----------------------------------------------------
START TRANSACTION;
USE `MUHousing`;
INSERT INTO `Staff` (`staffNO`, `firstName`, `lastName`, `email`, `street`, `city`, `postCode`, `dateOfBirth`, `gender`, `location`, `position`) VALUES (20000, 'Jessica', 'Alba', 'alba@mu.edu', '321 fatanstic four ave', 'New York City', 25703, '1991-06-18', 'f', 'MU library', 'Manager');
INSERT INTO `Staff` (`staffNO`, `firstName`, `lastName`, `email`, `street`, `city`, `postCode`, `dateOfBirth`, `gender`, `location`, `position`) VALUES (20001, 'Jennifer', 'Lopez', 'jlo@mu.edu', '256 Runway St.', 'Dallas', 25706, '1985-05-16', 'f', 'twin towers', 'Supervisor');
INSERT INTO `Staff` (`staffNO`, `firstName`, `lastName`, `email`, `street`, `city`, `postCode`, `dateOfBirth`, `gender`, `location`, `position`) VALUES (20002, 'Jessica ', 'Simpson', 'jsimpson@mu.edu', '125 Hollywood Ln.', 'Los Angeles', 56012, '1979-03-25', 'f', 'MU library', 'Team Lead');
INSERT INTO `Staff` (`staffNO`, `firstName`, `lastName`, `email`, `street`, `city`, `postCode`, `dateOfBirth`, `gender`, `location`, `position`) VALUES (20003, 'Brad', 'Pitt', 'bpitt@mu.edu', '653 Star Blvd.', 'Orange County', 85042, '1999-01-23', 'm', 'Engineering Bld.', 'Maintenance');
INSERT INTO `Staff` (`staffNO`, `firstName`, `lastName`, `email`, `street`, `city`, `postCode`, `dateOfBirth`, `gender`, `location`, `position`) VALUES (20004, 'Angelina', 'Jolie', 'ajolie@mu.edu', '616 Spikelane Ave.', 'Austin', 85017, '1977-09-22', 'f', 'Recreational center', 'Program Director');
INSERT INTO `Staff` (`staffNO`, `firstName`, `lastName`, `email`, `street`, `city`, `postCode`, `dateOfBirth`, `gender`, `location`, `position`) VALUES (20005, 'Selena', 'Gomez', 'selenag@mu.edu', '645 broadway St.', 'Chicago', 56016, '1993-12-02', 'f', 'Holderyby', 'Janitor');
INSERT INTO `Staff` (`staffNO`, `firstName`, `lastName`, `email`, `street`, `city`, `postCode`, `dateOfBirth`, `gender`, `location`, `position`) VALUES (20006, 'Tom', 'Hanks', 'thanks@mu.edu', '452 Run Forest Rd.', 'Denver', 17381, '1994-09-15', 'm', 'Twin Towers', 'Security');
INSERT INTO `Staff` (`staffNO`, `firstName`, `lastName`, `email`, `street`, `city`, `postCode`, `dateOfBirth`, `gender`, `location`, `position`) VALUES (20007, 'Jennifer', 'Aniston', 'anistonj@mu.edu', '585 Baseline St.', 'Scottsdale', 80819, '2000-10-11', 'f', 'Holderby', 'Security');
INSERT INTO `Staff` (`staffNO`, `firstName`, `lastName`, `email`, `street`, `city`, `postCode`, `dateOfBirth`, `gender`, `location`, `position`) VALUES (20008, 'Ashton', 'Kutcher', 'kutchera@mu.edu', '452 Skyview Rd.', 'Las Vegas', 90109, '1997-04-18', 'm', 'Bursar', 'Counselor');
INSERT INTO `Staff` (`staffNO`, `firstName`, `lastName`, `email`, `street`, `city`, `postCode`, `dateOfBirth`, `gender`, `location`, `position`) VALUES (20009, 'Kanye', 'West', 'kwest@mu.edu', '808 Good Music Ave.', 'Chicago', 63959, '1985-02-17', 'm', 'Harless', 'Event coordinator');

COMMIT;


-- -----------------------------------------------------
-- Data for table `Hall`
-- -----------------------------------------------------
START TRANSACTION;
USE `MUHousing`;
INSERT INTO `Hall` (`hallNO`, `staffNO`, `street`, `city`, `postCode`, `hallName`, `phoneNumber`) VALUES (0001, 20000, '200 2nd St', 'Huntington', 25703, 'Cardinals', 100-000-0000);
INSERT INTO `Hall` (`hallNO`, `staffNO`, `street`, `city`, `postCode`, `hallName`, `phoneNumber`) VALUES (0002, 20001, '201 1st St.', 'Huntington', 25703, 'Cowboys', 100-000-0001);
INSERT INTO `Hall` (`hallNO`, `staffNO`, `street`, `city`, `postCode`, `hallName`, `phoneNumber`) VALUES (0003, 20002, '202 4th Ave', 'Huntington', 25703, 'SeaHawks', 100-000-0002);
INSERT INTO `Hall` (`hallNO`, `staffNO`, `street`, `city`, `postCode`, `hallName`, `phoneNumber`) VALUES (0004, 20004, '203 7th Ave', 'Huntington', 25703, 'Panthers', 100-000-0003);
INSERT INTO `Hall` (`hallNO`, `staffNO`, `street`, `city`, `postCode`, `hallName`, `phoneNumber`) VALUES (0005, 20005, '205 MU Blvd', 'Huntington', 25703, 'Vikings', 100-000-0004);
INSERT INTO `Hall` (`hallNO`, `staffNO`, `street`, `city`, `postCode`, `hallName`, `phoneNumber`) VALUES (0006, 20006, '123 Some St', 'Huntington', 25703, 'Saints', 100-000-0005);
INSERT INTO `Hall` (`hallNO`, `staffNO`, `street`, `city`, `postCode`, `hallName`, `phoneNumber`) VALUES (0007, 20007, '222 idk lane', 'Huntington', 25703, 'Patriots', 100-000-0006);
INSERT INTO `Hall` (`hallNO`, `staffNO`, `street`, `city`, `postCode`, `hallName`, `phoneNumber`) VALUES (0008, 20008, '141 cards Ave', 'Huntington', 25703, 'Lions', 100-000-0007);
INSERT INTO `Hall` (`hallNO`, `staffNO`, `street`, `city`, `postCode`, `hallName`, `phoneNumber`) VALUES (0009, 20009, '1738 Hello Ln.', 'Huntington', 25703, 'Eagles', 100-000-0008);
INSERT INTO `Hall` (`hallNO`, `staffNO`, `street`, `city`, `postCode`, `hallName`, `phoneNumber`) VALUES (0010, 2010, '111 Hunts Ave', 'Huntington', 25703, 'Steelers', 100-000-0009);

COMMIT;


-- -----------------------------------------------------
-- Data for table `Room`
-- -----------------------------------------------------
START TRANSACTION;
USE `MUHousing`;
INSERT INTO `Room` (`placeNO`, `flatNO`, `hallNO`, `roomNO`, `rentRate`) VALUES (60000, 000, 0001, 00, 250);
INSERT INTO `Room` (`placeNO`, `flatNO`, `hallNO`, `roomNO`, `rentRate`) VALUES (60001, 111, 0002, 01, 250);
INSERT INTO `Room` (`placeNO`, `flatNO`, `hallNO`, `roomNO`, `rentRate`) VALUES (60002, 222, 0003, 02, 250);
INSERT INTO `Room` (`placeNO`, `flatNO`, `hallNO`, `roomNO`, `rentRate`) VALUES (60003, 333, 0004, 03, 300);
INSERT INTO `Room` (`placeNO`, `flatNO`, `hallNO`, `roomNO`, `rentRate`) VALUES (60004, 444, 0005, 04, 300);
INSERT INTO `Room` (`placeNO`, `flatNO`, `hallNO`, `roomNO`, `rentRate`) VALUES (60005, 555, 0006, 05, 300);
INSERT INTO `Room` (`placeNO`, `flatNO`, `hallNO`, `roomNO`, `rentRate`) VALUES (60006, 666, 0007, 06, 500);
INSERT INTO `Room` (`placeNO`, `flatNO`, `hallNO`, `roomNO`, `rentRate`) VALUES (60007, 777, 0008, 07, 500);
INSERT INTO `Room` (`placeNO`, `flatNO`, `hallNO`, `roomNO`, `rentRate`) VALUES (60008, 888, 0009, 08, 500);
INSERT INTO `Room` (`placeNO`, `flatNO`, `hallNO`, `roomNO`, `rentRate`) VALUES (60009, 999, 0010, 09, 100);

COMMIT;


-- -----------------------------------------------------
-- Data for table `Lease`
-- -----------------------------------------------------
START TRANSACTION;
USE `MUHousing`;
INSERT INTO `Lease` (`leaseNO`, `bannerNumber`, `placeNO`, `numOfSemester`, `moveInDate`, `moveOutDate`) VALUES (50000, 9000, 60000, 4, '2017-08-10', '2019-05-20');
INSERT INTO `Lease` (`leaseNO`, `bannerNumber`, `placeNO`, `numOfSemester`, `moveInDate`, `moveOutDate`) VALUES (50001, 9001, 60001, 1, '2017-08-10', '2017-12-20');
INSERT INTO `Lease` (`leaseNO`, `bannerNumber`, `placeNO`, `numOfSemester`, `moveInDate`, `moveOutDate`) VALUES (50002, 9002, 60002, 2, '2017-08-10', '2018-05-20');
INSERT INTO `Lease` (`leaseNO`, `bannerNumber`, `placeNO`, `numOfSemester`, `moveInDate`, `moveOutDate`) VALUES (50003, 9003, 60003, 3, '2017-08-10', '2018-12-20');
INSERT INTO `Lease` (`leaseNO`, `bannerNumber`, `placeNO`, `numOfSemester`, `moveInDate`, `moveOutDate`) VALUES (50004, 9004, 60004, 4, '2017-08-10', '2019-05-20');
INSERT INTO `Lease` (`leaseNO`, `bannerNumber`, `placeNO`, `numOfSemester`, `moveInDate`, `moveOutDate`) VALUES (50005, 9005, 60005, 5, '2017-08-10', '2019-12-20');
INSERT INTO `Lease` (`leaseNO`, `bannerNumber`, `placeNO`, `numOfSemester`, `moveInDate`, `moveOutDate`) VALUES (50006, 9006, 60006, 6, '2017-08-10', '2020-05-20');
INSERT INTO `Lease` (`leaseNO`, `bannerNumber`, `placeNO`, `numOfSemester`, `moveInDate`, `moveOutDate`) VALUES (50007, 9007, 60007, 7, '2017-08-10', '2020-12-20');
INSERT INTO `Lease` (`leaseNO`, `bannerNumber`, `placeNO`, `numOfSemester`, `moveInDate`, `moveOutDate`) VALUES (50008, 9008, 60008, 8, '2017-08-10', '2021-05-20');
INSERT INTO `Lease` (`leaseNO`, `bannerNumber`, `placeNO`, `numOfSemester`, `moveInDate`, `moveOutDate`) VALUES (50009, 9009, 60009, 9, '2017-08-10', '2021-12-20');

COMMIT;


-- -----------------------------------------------------
-- Data for table `Invoice`
-- -----------------------------------------------------
START TRANSACTION;
USE `MUHousing`;
INSERT INTO `Invoice` (`invoiceNO`, `leaseNO`, `semester`, `payDue`, `date`, `payMethod`, `dateOfFirstRem`, `dateOfSecRem`) VALUES (40000, 50000, 'Spring', '2017-02-20', '2017-12-20', 'Debit Card', '2017-12-20', '2017-01-20');
INSERT INTO `Invoice` (`invoiceNO`, `leaseNO`, `semester`, `payDue`, `date`, `payMethod`, `dateOfFirstRem`, `dateOfSecRem`) VALUES (40001, 50001, 'Fall', '2017-09-20', '2017-08-20', 'Credit Card', '2017-08-20', '2017-08-01');
INSERT INTO `Invoice` (`invoiceNO`, `leaseNO`, `semester`, `payDue`, `date`, `payMethod`, `dateOfFirstRem`, `dateOfSecRem`) VALUES (40002, 50002, 'Spring', '2017-02-20', '2017-12-20', 'Cash', '2017-12-20', '2017-01-20');
INSERT INTO `Invoice` (`invoiceNO`, `leaseNO`, `semester`, `payDue`, `date`, `payMethod`, `dateOfFirstRem`, `dateOfSecRem`) VALUES (40003, 50003, 'Fall ', '2017-09-20', '2017-08-20', 'Check', '2017-08-20', '2017-08-01');
INSERT INTO `Invoice` (`invoiceNO`, `leaseNO`, `semester`, `payDue`, `date`, `payMethod`, `dateOfFirstRem`, `dateOfSecRem`) VALUES (40004, 50004, 'Spring', '2017-02-20', '2017-12-20', 'Money Order', '2017-12-20', '2017-01-20');
INSERT INTO `Invoice` (`invoiceNO`, `leaseNO`, `semester`, `payDue`, `date`, `payMethod`, `dateOfFirstRem`, `dateOfSecRem`) VALUES (40005, 50005, 'Fall', '2017-09-20', '2017-08-20', 'Money Order', '2017-08-20', '2017-08-01');
INSERT INTO `Invoice` (`invoiceNO`, `leaseNO`, `semester`, `payDue`, `date`, `payMethod`, `dateOfFirstRem`, `dateOfSecRem`) VALUES (40006, 50006, 'Spring', '2017-02-20', '2017-12-20', 'Check', '2017-12-20', '2017-01-20');
INSERT INTO `Invoice` (`invoiceNO`, `leaseNO`, `semester`, `payDue`, `date`, `payMethod`, `dateOfFirstRem`, `dateOfSecRem`) VALUES (40007, 50007, 'Fall', '2017-09-20', '2017-08-20', 'Cash', '2017-08-20', '2017-08-01');
INSERT INTO `Invoice` (`invoiceNO`, `leaseNO`, `semester`, `payDue`, `date`, `payMethod`, `dateOfFirstRem`, `dateOfSecRem`) VALUES (40008, 50008, 'Spring', '2017-02-20', '2017-12-20', 'Credit Card', '2017-12-20', '2017-01-20');
INSERT INTO `Invoice` (`invoiceNO`, `leaseNO`, `semester`, `payDue`, `date`, `payMethod`, `dateOfFirstRem`, `dateOfSecRem`) VALUES (40009, 50009, 'Fall', '2017-09-20', '2017-08-20', 'Debit Card', '2017-08-20', '2017-08-01');

COMMIT;


-- -----------------------------------------------------
-- Data for table `Inspection`
-- -----------------------------------------------------
START TRANSACTION;
USE `MUHousing`;
INSERT INTO `Inspection` (`inspcNO`, `staffNO`, `flatNO`, `dateOfInspc`, `satisfcCondition`, `comments`) VALUES (30000, 20000, 000, '2017-08-20', 'No', 'Needs repair');
INSERT INTO `Inspection` (`inspcNO`, `staffNO`, `flatNO`, `dateOfInspc`, `satisfcCondition`, `comments`) VALUES (30001, 20001, 111, '2017-09-20', 'No', 'Needs repair');
INSERT INTO `Inspection` (`inspcNO`, `staffNO`, `flatNO`, `dateOfInspc`, `satisfcCondition`, `comments`) VALUES (30002, 20002, 222, '2017-10-20', 'No', 'Needs repair');
INSERT INTO `Inspection` (`inspcNO`, `staffNO`, `flatNO`, `dateOfInspc`, `satisfcCondition`, `comments`) VALUES (30003, 20003, 333, '2017-11-20', 'No', 'Needs repair');
INSERT INTO `Inspection` (`inspcNO`, `staffNO`, `flatNO`, `dateOfInspc`, `satisfcCondition`, `comments`) VALUES (30004, 20004, 444, '2017-12-20', 'No', 'Needs repair');
INSERT INTO `Inspection` (`inspcNO`, `staffNO`, `flatNO`, `dateOfInspc`, `satisfcCondition`, `comments`) VALUES (30005, 20005, 555, '2017-08-20', 'Yes', 'Repairs made');
INSERT INTO `Inspection` (`inspcNO`, `staffNO`, `flatNO`, `dateOfInspc`, `satisfcCondition`, `comments`) VALUES (30006, 20006, 666, '2017-09-20', 'Yes', 'Repairs made');
INSERT INTO `Inspection` (`inspcNO`, `staffNO`, `flatNO`, `dateOfInspc`, `satisfcCondition`, `comments`) VALUES (30007, 20007, 777, '2017-10-20', 'Yes', 'Repairs made');
INSERT INTO `Inspection` (`inspcNO`, `staffNO`, `flatNO`, `dateOfInspc`, `satisfcCondition`, `comments`) VALUES (30008, 20008, 888, '2017-11-20', 'Yes', 'Repairs made');
INSERT INTO `Inspection` (`inspcNO`, `staffNO`, `flatNO`, `dateOfInspc`, `satisfcCondition`, `comments`) VALUES (30009, 20009, 999, '2017-12-20', 'Yes', 'Repairs made');

COMMIT;

